{
    "model": "efficientnet_b0",
    "corruption": "rotation",
    "severities": {
        "5": 0.9856751632610069,
        "15": 0.9660838424267959,
        "30": 0.7720665683589636,
        "45": 0.35074784074152093,
        "60": 0.17042342532125554
    },
    "clean_accuracy": 0.9875710975352855,
    "robustness_auc": 0.6386330122373939
}