{
    "model": "efficientnet_b0",
    "corruption": "salt_and_pepper",
    "severities": {
        "0.005": 0.2165578259953655,
        "0.01": 0.08826627343585422,
        "0.03": 0.024647145565620393,
        "0.06": 0.02612176111228144,
        "0.1": 0.03159890457130819
    },
    "clean_accuracy": 0.9875710975352855,
    "robustness_auc": 0.04007517213087489
}