{
    "model": "efficientnet_b0",
    "corruption": "jpeg_compression",
    "severities": {
        "95": 0.987149778807668,
        "75": 0.9873604381714767,
        "50": 0.9860964819886244,
        "30": 0.9860964819886244,
        "10": 0.9755635137981883
    },
    "clean_accuracy": 0.9875710975352855,
    "robustness_auc": 0.9853158031698039
}