{
    "model": "efficientnet_b0",
    "corruption": "occlusion",
    "severities": {
        "0.05": 0.9517590056878028,
        "0.1": 0.8693911944385928,
        "0.2": 0.6578891931746366,
        "0.3": 0.4364862018116705,
        "0.4": 0.25700442384663996
    },
    "clean_accuracy": 0.9875710975352855,
    "robustness_auc": 0.6036745011887206
}