{
    "model": "efficientnet_b0",
    "corruption": "motion_blur",
    "severities": {
        "2": 0.9856751632610069,
        "4": 0.9606066989677691,
        "8": 0.06741099641879081,
        "15": 0.02106593638087213,
        "25": 0.02106593638087213
    },
    "clean_accuracy": 0.9875710975352855,
    "robustness_auc": 0.1966367774612799
}