{
    "model": "efficientnet_b0",
    "corruption": "gaussian_noise",
    "severities": {
        "5": 0.18643353697071835,
        "10": 0.030124289024647144,
        "20": 0.033705498209395404,
        "40": 0.02591110174847272,
        "60": 0.02780703602275121
    },
    "clean_accuracy": 0.9875710975352855,
    "robustness_auc": 0.0362525614263554
}