{
    "model": "swin_tiny_patch4_window7_224",
    "corruption": "occlusion",
    "severities": {
        "0.05": 0.8453760269643986,
        "0.1": 0.7398356856962292,
        "0.2": 0.4971560985885823,
        "0.3": 0.3197809142616389,
        "0.4": 0.1938066147040236
    },
    "clean_accuracy": 0.9216347166631557,
    "robustness_auc": 0.48001745463300133
}