{
    "model": "swin_tiny_patch4_window7_224",
    "corruption": "gaussian_noise",
    "severities": {
        "5": 0.9216347166631557,
        "10": 0.9207920792079208,
        "20": 0.9207920792079208,
        "40": 0.9182641668422161,
        "60": 0.9191068042974511
    },
    "clean_accuracy": 0.9216347166631557,
    "robustness_auc": 0.9196047264300898
}