{
    "model": "swin_tiny_patch4_window7_224",
    "corruption": "jpeg_compression",
    "severities": {
        "95": 0.921424057299347,
        "75": 0.921424057299347,
        "50": 0.9212133979355382,
        "30": 0.9231093322098167,
        "10": 0.9226880134821993
    },
    "clean_accuracy": 0.9216347166631557,
    "robustness_auc": 0.9219135305270201
}