{
    "model": "swin_tiny_patch4_window7_224",
    "corruption": "salt_and_pepper",
    "severities": {
        "0.005": 0.9212133979355382,
        "0.01": 0.9231093322098167,
        "0.03": 0.9054139456498841,
        "0.06": 0.801980198019802,
        "0.1": 0.497366757952391
    },
    "clean_accuracy": 0.9216347166631557,
    "robustness_auc": 0.784146219773153
}