{
    "model": "swin_tiny_patch4_window7_224",
    "corruption": "motion_blur",
    "severities": {
        "2": 0.9235306509374341,
        "4": 0.8811881188118812,
        "8": 0.49526016431430375,
        "15": 0.06003791868548557,
        "25": 0.0326522013903518
    },
    "clean_accuracy": 0.9216347166631557,
    "robustness_auc": 0.3028090968208755
}