{
    "model": "swin_tiny_patch4_window7_224",
    "corruption": "rotation",
    "severities": {
        "5": 0.9064672424689277,
        "15": 0.8337897619549189,
        "30": 0.5279123657046556,
        "45": 0.21487255108489572,
        "60": 0.08826627343585422
    },
    "clean_accuracy": 0.9216347166631557,
    "robustness_auc": 0.48651780071624184
}