{
    "model": "mobilenetv2_100",
    "corruption": "occlusion",
    "severities": {
        "0.05": 0.9302717505793132,
        "0.1": 0.8597008637033916,
        "0.2": 0.6591531493574889,
        "0.3": 0.4472298293659153,
        "0.4": 0.27638508531704237
    },
    "clean_accuracy": 0.9810406572572151,
    "robustness_auc": 0.606262601944085
}