{
    "model": "mobilenetv2_100",
    "corruption": "rotation",
    "severities": {
        "5": 0.9757741731619971,
        "15": 0.9405940594059405,
        "30": 0.7162418369496524,
        "45": 0.41352433115651993,
        "60": 0.23614914682957658
    },
    "clean_accuracy": 0.9810406572572151,
    "robustness_auc": 0.6427983223854301
}