{
    "model": "mobilenetv2_100",
    "corruption": "motion_blur",
    "severities": {
        "2": 0.9808299978934064,
        "4": 0.9633452706972825,
        "8": 0.2923951969665052,
        "15": 0.03054560775226459,
        "25": 0.03054560775226459
    },
    "clean_accuracy": 0.9810406572572151,
    "robustness_auc": 0.25614804773724364
}