{
    "model": "mobilenetv2_100",
    "corruption": "jpeg_compression",
    "severities": {
        "95": 0.9829365915314936,
        "75": 0.9839898883505371,
        "50": 0.9801980198019802,
        "30": 0.9740888982515273,
        "10": 0.9325890035812092
    },
    "clean_accuracy": 0.9810406572572151,
    "robustness_auc": 0.9744854335245792
}