{
    "model": "mobilenetv2_100",
    "corruption": "gaussian_noise",
    "severities": {
        "5": 0.49399620813145145,
        "10": 0.06993890878449548,
        "20": 0.034548135664630296,
        "40": 0.05224352222456288,
        "60": 0.05119022540551928
    },
    "clean_accuracy": 0.9810406572572151,
    "robustness_auc": 0.06971867399505909
}