{
    "model": "mobilenetv2_100",
    "corruption": "salt_and_pepper",
    "severities": {
        "0.005": 0.9631346113334738,
        "0.01": 0.9422793343164103,
        "0.03": 0.6022751211291342,
        "0.06": 0.11396671582051822,
        "0.1": 0.0455024225826838
    },
    "clean_accuracy": 0.9810406572572151,
    "robustness_auc": 0.3593904183251472
}