{
    "model": "resnet18",
    "corruption": "gaussian_noise",
    "severities": {
        "5": 0.9877817568990942,
        "10": 0.9869391194438593,
        "20": 0.9854645038971982,
        "40": 0.9795660417105541,
        "60": 0.9551295555087423
    },
    "clean_accuracy": 0.9882030756267116,
    "robustness_auc": 0.9781105770151483
}