{
    "model": "resnet18",
    "corruption": "jpeg_compression",
    "severities": {
        "95": 0.9882030756267116,
        "75": 0.9879924162629029,
        "50": 0.9879924162629029,
        "30": 0.9879924162629029,
        "10": 0.9877817568990942
    },
    "clean_accuracy": 0.9882030756267116,
    "robustness_auc": 0.9879924162629031
}