{
    "model": "resnet18",
    "corruption": "salt_and_pepper",
    "severities": {
        "0.005": 0.6203918264166842,
        "0.01": 0.48325258057720666,
        "0.03": 0.5260164314303771,
        "0.06": 0.721087002317253,
        "0.1": 0.7459448072466821
    },
    "clean_accuracy": 0.9882030756267116,
    "robustness_auc": 0.6410419877374076
}