{
    "model": "resnet18",
    "corruption": "rotation",
    "severities": {
        "5": 0.9852538445333895,
        "15": 0.9610280176953866,
        "30": 0.8080893195702549,
        "45": 0.43437960817358334,
        "60": 0.1919106804297451
    },
    "clean_accuracy": 0.9882030756267116,
    "robustness_auc": 0.6730087902407262
}