{
    "model": "resnet18",
    "corruption": "occlusion",
    "severities": {
        "0.05": 0.9317463661259743,
        "0.1": 0.8194649252159258,
        "0.2": 0.5875289656625237,
        "0.3": 0.37160311775858434,
        "0.4": 0.20707815462397303
    },
    "clean_accuracy": 0.9882030756267116,
    "robustness_auc": 0.545773270336152
}