{
    "model": "resnet18",
    "corruption": "motion_blur",
    "severities": {
        "2": 0.9873604381714767,
        "4": 0.9732462607962924,
        "8": 0.32104487044449126,
        "15": 0.031809563935116913,
        "25": 0.021697914472298293
    },
    "clean_accuracy": 0.9882030756267116,
    "robustness_auc": 0.26311812494848
}