{
    "model": "resnet50",
    "corruption": "rotation",
    "severities": {
        "5": 0.9877817568990942,
        "15": 0.965241204971561,
        "30": 0.801980198019802,
        "45": 0.45354961028017693,
        "60": 0.22372024436486201
    },
    "clean_accuracy": 0.9869391194438593,
    "robustness_auc": 0.6820958691613842
}