{
    "model": "deit_tiny_distilled_patch16_224",
    "corruption": "occlusion",
    "severities": {
        "0.05": 0.9089951548346324,
        "0.1": 0.8369496524120497,
        "0.2": 0.6313461133347378,
        "0.3": 0.42890246471455656,
        "0.4": 0.2814409100484517
    },
    "clean_accuracy": 0.974299557615336,
    "robustness_auc": 0.5874085888832044
}