{
    "model": "deit_tiny_distilled_patch16_224",
    "corruption": "motion_blur",
    "severities": {
        "2": 0.9751421950705709,
        "4": 0.9721929639772487,
        "8": 0.8137771223930904,
        "15": 0.3124078365283337,
        "25": 0.14661891721087003
    },
    "clean_accuracy": 0.974299557615336,
    "robustness_auc": 0.5111328894221522
}