{
    "model": "deit_tiny_distilled_patch16_224",
    "corruption": "rotation",
    "severities": {
        "5": 0.8942489993680219,
        "15": 0.8205182220349695,
        "30": 0.5390773119865178,
        "45": 0.22624815673056667,
        "60": 0.08721297661681061
    },
    "clean_accuracy": 0.974299557615336,
    "robustness_auc": 0.488394584139265
}