{
    "model": "deit_tiny_distilled_patch16_224",
    "corruption": "jpeg_compression",
    "severities": {
        "95": 0.9745102169791447,
        "75": 0.9749315357067622,
        "50": 0.974299557615336,
        "30": 0.9740888982515273,
        "10": 0.9730356014324837
    },
    "clean_accuracy": 0.974299557615336,
    "robustness_auc": 0.9742933617516947
}