{
    "model": "deit_tiny_distilled_patch16_224",
    "corruption": "salt_and_pepper",
    "severities": {
        "0.005": 0.9717716452496313,
        "0.01": 0.9698757109753529,
        "0.03": 0.9593427427849168,
        "0.06": 0.8685485569833579,
        "0.1": 0.6214451232357279
    },
    "clean_accuracy": 0.974299557615336,
    "robustness_auc": 0.8564689055691683
}