{
    "model": "deit_tiny_distilled_patch16_224",
    "corruption": "gaussian_noise",
    "severities": {
        "5": 0.9738782388877185,
        "10": 0.9749315357067622,
        "20": 0.9734569201601011,
        "40": 0.9734569201601011,
        "60": 0.9641879081525174
    },
    "clean_accuracy": 0.974299557615336,
    "robustness_auc": 0.9719918800390678
}