{
    "model": "vit_tiny_patch16_224",
    "corruption": "salt_and_pepper",
    "severities": {
        "0.005": 0.9606066989677691,
        "0.01": 0.9574468085106383,
        "0.03": 0.9277438382136086,
        "0.06": 0.8000842637455234,
        "0.1": 0.5683589635559301
    },
    "clean_accuracy": 0.9606066989677691,
    "robustness_auc": 0.8098244874879424
}