{
    "model": "vit_tiny_patch16_224",
    "corruption": "rotation",
    "severities": {
        "5": 0.8580155887929218,
        "15": 0.7992416262902886,
        "30": 0.5439224773541184,
        "45": 0.2294080471876975,
        "60": 0.09500737307773331
    },
    "clean_accuracy": 0.9606066989677691,
    "robustness_auc": 0.48351111706915373
}