{
    "model": "vit_tiny_patch16_224",
    "corruption": "jpeg_compression",
    "severities": {
        "95": 0.9606066989677691,
        "75": 0.9606066989677691,
        "50": 0.9608173583315779,
        "30": 0.9603960396039604,
        "10": 0.9606066989677691
    },
    "clean_accuracy": 0.9606066989677691,
    "robustness_auc": 0.9606128948314104
}