{
    "model": "vit_tiny_patch16_224",
    "corruption": "motion_blur",
    "severities": {
        "2": 0.9597640615125342,
        "4": 0.9420686749526016,
        "8": 0.7145565620391826,
        "15": 0.19064672424689277,
        "25": 0.052454181588371604
    },
    "clean_accuracy": 0.9606066989677691,
    "robustness_auc": 0.41733909746201253
}