{
    "model": "vit_tiny_patch16_224",
    "corruption": "occlusion",
    "severities": {
        "0.05": 0.9092058141984412,
        "0.1": 0.8120918474826206,
        "0.2": 0.5942700653044027,
        "0.3": 0.39014114177375186,
        "0.4": 0.2376237623762376
    },
    "clean_accuracy": 0.9606066989677691,
    "robustness_auc": 0.5541695506936711
}