{
    "model": "vit_tiny_patch16_224",
    "corruption": "gaussian_noise",
    "severities": {
        "5": 0.959974720876343,
        "10": 0.9595534021487255,
        "20": 0.9587107646934906,
        "40": 0.9555508742363598,
        "60": 0.9464925215925848
    },
    "clean_accuracy": 0.9606066989677691,
    "robustness_auc": 0.9555125725338491
}