{
    "model": "resnet50",
    "corruption": "salt_and_pepper",
    "severities": {
        "0.005": 0.12618495892142406,
        "0.01": 0.1148093532757531,
        "0.03": 0.11754792500526648,
        "0.06": 0.09332209816726353,
        "0.1": 0.07920792079207921
    },
    "clean_accuracy": 0.9869391194438593,
    "robustness_auc": 0.10041799252713624
}