{
    "model": "resnet50",
    "corruption": "gaussian_noise",
    "severities": {
        "5": 0.9867284600800506,
        "10": 0.9848325258057721,
        "20": 0.9801980198019802,
        "40": 0.9397514219507057,
        "60": 0.712028649673478
    },
    "clean_accuracy": 0.9869391194438593,
    "robustness_auc": 0.917660915027673
}