{
    "model": "resnet50",
    "corruption": "jpeg_compression",
    "severities": {
        "95": 0.987149778807668,
        "75": 0.9865178007162418,
        "50": 0.9867284600800506,
        "30": 0.9865178007162418,
        "10": 0.9858858226248157
    },
    "clean_accuracy": 0.9869391194438593,
    "robustness_auc": 0.9865735634890148
}