{
    "model": "resnet50",
    "corruption": "motion_blur",
    "severities": {
        "2": 0.989467031809564,
        "4": 0.9764061512534232,
        "8": 0.34990520328628605,
        "15": 0.030966926479882032,
        "25": 0.03054560775226459
    },
    "clean_accuracy": 0.9869391194438593,
    "robustness_auc": 0.27213526162977075
}