{
    "model": "resnet50",
    "corruption": "occlusion",
    "severities": {
        "0.05": 0.9304824099431219,
        "0.1": 0.84348009269012,
        "0.2": 0.6206024857804929,
        "0.3": 0.40720455024225827,
        "0.4": 0.23699178428481146
    },
    "clean_accuracy": 0.9869391194438593,
    "robustness_auc": 0.5747238857624364
}